문장,혐오 여부,문자 개수,y_pred
"옛날 노가다 할때 액체질소 많이 썻는데,

얼리고 깨고 하는거 의외로 재밌음",0,44.0,1
어디서 봄?,0,6.0,1
우와 !! 이거 오늘 첨 알았다. 암투병중 아들이 마지막으로 연 가게..그걸 아버지가 키워줄라고 일 봐준거고..아들은 얼마나 회한의 시간을 보내며 인생을 마감했을까? 진짜 맷퇴지같은 맘충은 사람으로 인식하면 안된다이기. 이런 것들 상대로는 서비스한다는 마인드는 버려야될듯. 개대지를 상대한다지마 개사료도 아깝다..내막을 보니 상관도 없는 내가 가슴이 아프네..휴,0,202.0,1
@도브바디워시 수트는.너무 추울꺼 같아서..,0,24.0,1
우웩,0,2.0,1
어게인 1910 !!!,0,12.0,1
GG 합니다,0,6.0,1
영미~~~~~,0,7.0,1
오~,0,2.0,1
I felt a good excursion.,0,24.0,1
She is so Beautiful ♡,0,21.0,1
일부러 못된짓하려는거 티나서 웃기질않네,0,21.0,1
선릉역점이라고 맨처음 봤었는뎅,0,16.0,1
브레드하고메시는 봐줄만허네,0,14.0,1
이런 거 볼 때마다 내가 지금 30대 초반까지 원나잇만 6~70번 하면서 저런 적이 한번도 없다는 게 참 운이 좋았다는 생각이 든다ㅋㅋㅋ,0,76.0,1
미국 없으면 다시 구한말로 돌아거는 거,0,21.0,1
솔직한게 최고야.,0,9.0,1
... 나.라.를 손.절.한.다.,0,18.0,1
맘편히먹고 살어..,0,10.0,1
성인지 감수성과 부드러운 카리스마로 시민들을 이끄는 모습이다.,0,34.0,1
배울점은 배워야한다..이런건 확실하게 배워야함,0,25.0,1
참 예술과 외설의 간극이란...,0,17.0,1
아멘!!!,0,5.0,1
깔깔깔깔깔까띾라깔깔까라깔,0,13.0,1
눈물난다 ㅠ,0,6.0,1
우리나라의 과거 였고 어쩌면 다가올 미래의 모습이다.,0,29.0,1
시간은 당신이 정해요.,0,12.0,1
와우,0,2.0,1
"편육은 밑에 잘 까셨죠 스~

여전히 건강하시구먼...",0,32.0,1
귀엽다,0,3.0,1
괜찮아요.,0,5.0,1
니 점수는 너무 낮아.,0,12.0,1
보꾸기,0,3.0,1
"사와이 료가 출연한 품번좀 알려줘라..
여배우들은 품번찾기 쉽던데 남배우들은 아예 체계화가 안되있어서 모르겠음..",0,64.0,1
안드는 부분이라는줄,0,10.0,1
2편 보다가 f5누르니 사라졌노 다시 올려달라 이기..,0,30.0,1
진리의 노루엣 ^노^,0,11.0,1
미드 제목이 오피스임? 재밌냐,0,16.0,1
"식인종족 지나(支那)

http://blog.daum.net/hb-slbk/6043878",0,51.0,1
노무현의 대통령의 죽음. 누군가에겐 최고의 가치입니다,0,29.0,1
만나서 반갑습니다.,0,10.0,1
ㅇㅇ알겠다,0,5.0,1
He started showing his true color since Park's impeachment.,0,59.0,1
느려,0,2.0,1
전형적인 싸이코임,0,9.0,1
에릭병장님 좋은데로 가셨으면좋겠다..ㅠ,0,21.0,1
점점 띨빵하게 변해가네,0,12.0,1
유두가 섹시한데?,0,9.0,1
네네 죶됬겠죠~,0,8.0,1
입모양봐라..ㄷㄷ,0,9.0,1
마음이 기특하다,0,8.0,1
"Next stop.jonggak, jonggak station!",0,35.0,1
아주 바르게 자라났구나.,0,13.0,1
그녀는 선생님이 되기 위해 일을 그만두었다.,0,24.0,1
이게 맞지... 왜 거꾸로 가는 세상인가,0,22.0,1
또봐도 쥰나재밋쩡^^ㅇㅂ,0,13.0,1
"우파에도 이런사람들이 필요하다
대북 휴민트같은 존재가 우리나라에 다시 필요함",0,43.0,1
전설의 시작,0,6.0,1
우파의 대표가 되어주세요..,0,15.0,1
"Mama, I just killed a dog",0,25.0,1
깍두기,0,3.0,1
"빅타이거 회고록을보고 해밍웨이가 생각났다.

그는 낚시와 전쟁때 참전한 경험으로 좋은 작품을 남겼다.
참고로 글을 쓰기위해 전쟁에 참여한 것이라고 한다.

소설가 무라카미 하루키는 해밍웨이를 언급하며 직접 겪어야 글이 나오는 사람이있다고했다.
(출처 : 직업으로서의 소설가)

물론 장대호가 글 작품을 남기기위해 사람을 죽인 것은 아니지만... 분명한 건 그의 글솜씨와 범인인 본인이 직접 느꼈던것이 있었기 때문에 훌륭한 작품이 나올 수 있었다고 생각한다.

1. 그저 평범한 일상을 보내고있던 글 잘 쓰는 장대호.
2. 살인을 저질렀지만 글 못 쓰는 아무개 범죄자.

1, 2번 모두 그저 그렇게 흘러가는 일상에 불과했을것이다.",0,365.0,1
테란 스캔 5개달고 하는꼴,0,14.0,1
"@볼만한영화추천좀 ㅇㅇ 많지
내 주변에 영화쟁이 몇명 있는데 욕하던데?",0,40.0,1
"아름답고 논리적인 분과 비교되는
바보같고 감정적인 프로파일러",0,34.0,1
이 남자.. 진짜 보면 볼 수록 매력적이다..,0,25.0,1
젭스ㅋㅋ,0,4.0,1
꿀잼 제조하노,0,7.0,1
"장선수랑 아는사이인데

여기서볼줄은 몰랐네ㅋ",0,26.0,1
힘내 꼭 완치될꺼야,0,10.0,1
"[잠언 21장 15절]
공의를 행하는 것이 의인에게는 기쁨이지만, 불법을 행하는 자들에게는 파멸이 임하게 하겠다.

It is joy to the just to do judgment: but destruction shall be to the workers of iniquity.",0,158.0,1
근래본이야기중가장웃겼음 ㅇㅂ,0,15.0,1
솔방울형님 다음시리즈 기다립니다,0,17.0,1
zz,0,2.0,1
"어게인 장평 난징 젠부샤스!""",0,16.0,1
어렸을때 빅뱅에서 탑제일좋아했는데.. 잘생겨서,0,25.0,1
전세낸거같다느니 씁쓸하다는 말이 나오는 이유가 모에요..?,0,32.0,1
기모아서 엄청나게 크게 터트릴꺼야,0,18.0,1
진실ㅋㅋ,0,4.0,1
우럮따.....ㅜㅜ,0,10.0,1
같은편도 속이는 현란한 백패스!,0,17.0,1
역사는 돌고도네,0,8.0,1
"새로운 수학을 만들고 싶어서 연구를 하고 있어요.

와 진짜 눈물나게 감동이다.

멋지신 할아버지 선생님, 오래오래 건강하십시요!!",0,77.0,1
"이상하게 들릴지도 모르지만, 내가 한 말은 사실입니다.",0,30.0,1
눈물은 진실을 가린다,0,11.0,1
시류에만 편승해 행동할뿐..,0,15.0,1
sns는 인생의 낭비다,0,12.0,1
알거싶지않아섴ㅋㅋㅋ,0,10.0,1
겨울에 친구들이랑 바다에 가고 싶어요.,0,21.0,1
Fort Drum 에 잇을 때 같이 근무 햇던 친구같다,0,30.0,1
"이건 뭐 드라마에서 볼법한 현실이노

꼭 됬음 좋겠다",0,31.0,1
딱죠타,0,3.0,1
지석진 나만 재밌냐ㅋㅋㅋ 난 지석진 표영호 같은 스타일이 재밌던데 지상렬도,0,41.0,1
그래도 이정도면 솔직하게 말한듯,0,17.0,1
저희 식당은 신선한 재료만을 사용합니다.,0,22.0,1
나....나나난...당신 싫어했었어....,0,23.0,1
보고 또보고,0,6.0,1
"한국 야구 레전드라는 이승엽도 그랬는데 뭘ㅋㅋ

윗 물이 맑아야 아랫물도 맑지",0,45.0,1
뭐하는..,0,5.0,1
우리나라 에로영화는 진짜 삽입안하냐?,0,20.0,1
ㅜㅜ 눈물난다,0,7.0,1
죄책감이 없나,0,7.0,1
고마해라 마이 뭇다이가,0,12.0,1
훌륭한 포크볼이군,0,9.0,1
아버지~,0,4.0,1
계집이란게 그냥 남자 하위티어... 다운그레이드 버젼 아니냐.. 남자에게 성적 쾌락만 느끼게 봉가하며 살다 죽는게 계집의 존재 이유거늘..,0,77.0,1
"각 대기업도 마케팅차원에서 대량으로 물품을 푸는시기임 미국은
우리나라는 재고품만 내놓는데 반해서.
블랙프라이데이가 마케팅의 최적기라 최대한 물품을 풀어놓기 때문에 가능한것임.",0,99.0,1
시뱐 이 내용을 이딴식으로 이해하네ㅋㅋㅋ,0,22.0,1
"질본
언제 들어도 부랄자극한다",0,17.0,1
그 말을 왜 여기서 하냐고,0,14.0,1
똑똑은 한데 스타성이 없다...,0,17.0,1
아~ 내가 천배 보냈다!,0,13.0,1
웃는모습이....,0,9.0,1
난 개인적으로 박정희는 위대한 악인이라고 생각한다,0,27.0,1
d,0,1.0,1
니들 사람사는 인생책한번 읽어봐야한다. 어떤 일본여성이 자기 어린시절 이야기 쓰던 책이었는데 애비가 성실한 샐러리맨이었는데 엄마가 어떤 외간남자랑 모텔들어간거 자기가 등굣길에 보고선 애비한테 알려주고 가정파탄난 이야기였는데 주인공인 그 작가여성은 애미가 그 이후로 더럽게 싫고 멍청한아빠는 왜 저러고 이혼도 안하고 사는지 더럽게싫어서 혼자 마음의문을닫고 애비애미한테 한마디도 안하며 그림을 줄창그렸더란다. 그러자가 어느날 애비가 자기한테 다가와서 엄마싫지? 그걸 참고사는 아빠도싫고...그렇지? 난 인간이 싫단다...이 한마디때문에 그때부터 아버지와 추억을 쌓았다고 아버지랑 유년시절 추억을쌓다가 아버지가 병에걸려돌아가시고 애미는 아직도 외간남자랑 정신못차리는 모습을보고 나는 저렇게 살지말자 다짐하며 한 가정의 엄마가 되었고 자기자신은 아이들을 잘키우고 있다라고 끝난 책이었다 보면서 인생은 참으로 비극이다라는 생각밖에안들더라 그사람이 좋게살던 나쁘게살았던,0,480.0,1
"미그기의 MIG가 made in gwang-ju 였노



소오금ㄷㄷ",0,42.0,1
한국 드라마 보다 잡혔나보제.,0,16.0,1
예쁘다..,0,5.0,1
계속 코피가 나요.,0,10.0,1
스스로 솔선수범 추천!,0,12.0,1
영화보다 더 영화같은게 현실이네,0,17.0,1
다들 키보드 손 떼!!!!!,0,15.0,1
김규리 살스는 죽이네 와 흥분됨,0,17.0,1
한진 한진! 걸스캔두애니띵~1,0,16.0,1
토익 시험에서 900점 이상을 받아야 한다.,0,24.0,1
건강한 생활의 기본은 무엇인가요?,0,18.0,1
10분 후에 다시 전화할게.,0,15.0,1
패리스 힐튼은 상속 아니다,0,14.0,1
"장각, 우길같은 캐릭터가 떠오름",0,17.0,1
"5.18은 인류 문화 유산의 보고다



유네스코 등재는 정말 신의 한수였다 ㅋㅋㅋㅋ



아즈텍 잉카의 환영이 반도에서 꽃을 핀 인류의 보물",0,87.0,1
디테일한 내용 오늘 첨 알았다.,0,17.0,1
좋지도 않지만 나쁘지도 않아.,0,16.0,1
소주병이 뭘의미 하는걸까?,0,14.0,1
지뢰제거할 땐 총없이 하는 게 편하지!,0,21.0,1
공감,0,2.0,1
"동화나 우화가 애들 읽으라고 하는게 아님

인간의 삶의 진리가 있는데

병신들이 모를뿐",0,52.0,1
"정치인들의 내면을 잘 보여주는거지...

정치보다 돈이 더 좋아",0,37.0,1
아...이런 지도자가 될것이다 나도,0,19.0,1
지금 이시간에도 잘 넘어간다,0,15.0,1
와 진짜 이렇게 정반대였다니,0,15.0,1
김정숙 여사 너무 이쁘셔♡♡♡,0,16.0,1
억울아! 올 여름엔 아빠가 뜨겁게 사랑해줄께.,0,25.0,1
십습니다???,0,7.0,1
이념은 피보다 진하지만 돈보다는 약하다ㅋ,0,22.0,1
성별 반대였으면 어땠을까...,0,16.0,1
역시 3대도둑은 달라,0,11.0,1
혜안의 눈은 정말 커다랗다.,0,15.0,1
"첫짤 보고 15년전이 그리워서 ㅇㅂ줬따.
렉스턴, 옵티마리갈, 레간자, 카니발...
내 인생의 황금기와 함께한.. 자동차들...",0,73.0,1
이영화 엔딩크레딧 음악 좋더라,0,16.0,1
"난 뭔가 러시아만의 가난하고 더러운 모습도 맘에 들더라...

특히 지저분한 경관과 대비되는 ㅅㅌㅊ여자 사진을 보면 그 둘은 서로 안어울리지만 그 나름대로의 감성도 좋음

나만 그러냐? 러시아는 매력요소가 너무 많음",0,124.0,1
정신병자들 너무 많어,0,11.0,1
"이둘희 짱이다.



오늘부터 팬이다",0,24.0,1
애국가 부르는 장면에서 소름돋노이기,0,19.0,1
우리 카르텔 된거노? 간지..,0,16.0,1
"기생충과 조커의 만남
""저는 웃음을 참지 못하는 병이 있어요""",0,35.0,1
"육영수 여사,, 그립습니다",0,14.0,1
카피라이터,0,5.0,1
사람보는눈이 없으니 아직까지 솔로인가?,0,21.0,1
"알리시아 실버스톤은 에어로스미스 뮤비로 데뷔했을걸
날라리소녀 역할인데 겁나 쩔었음",0,46.0,1
"제2의 난징대축제가 열리길 간절히 기도하옵나이다~
아멘~~",0,33.0,1
살자!! 꼭 살자 !!,0,12.0,1
와....진짜네..,0,10.0,1
저군중은 지금 어디서 무엇 할까?-진정 알고싶다,0,26.0,1
"옛부터 조선인에게는 충성심과 의리를 찾기 힘들어, 그들 스스로 그것을 덕목으로 알고 있다.",0,50.0,1
한국은 영웅에게 가혹한 국가니까. 자본주의의 열등함이지.,0,31.0,1
좋댄다 ㅉㅉ,0,6.0,1
"이래서

야구 > 축구 > 농구

한 시즌 운동량이 넘사벽.

마이클 조단이 야구 도전하고 했던 말이

농구는 노력으로 많은 걸 극복할 수 있지만

야구는 (동체시럭) 타고난 천재들만이 즐길 수 있다.",0,122.0,1
난 그냥 앉아버리는데...,0,14.0,1
그림체 한마바키랑 비슷,0,12.0,1
"일본은 무슨

러시아에게 재추월 꿀잼~!!!!!!!!!!!!!!!!!!!!!!!!!!!!!!!!!!!!!!!!!!!!!!!!!!!!!!!!!!!!!!!!!!!!!!!!!!!!!!!!!!!!!!!!!!!!!!!!!!!!!!!!!!!!!!!!!!!!!!!!!!!!!!!!!!!!!!!!!!

이게 나라냐?",0,172.0,1
대한민국은 진짜 중의 진짜를 만났다. ㅎㅎㅎㅎㅎ,0,26.0,1
둘이 햇을까..,0,8.0,1
사랑이 없는 결혼은 아무런 의미가 없어. ,0,23.0,1
"재상이형 광대나온거 귀엽내
I like me now~",0,30.0,1
난 좋아했어...,0,9.0,1
짱,0,1.0,1
보여주고 싶어서 안달난 사람치고 제대로 된 인간 못봄,0,29.0,1
"진지하게

이산가족 상봉이 감동적임?",0,22.0,1
"태백정기 이어 받은 도~~봉산 아래~~
이 겨례의 새 역사를 이~~~루기~~위해~

아는놈 이어불러라",0,59.0,1
혼다는 매력적이네 스타니깐,0,14.0,1
"비서의 웃음이 사장의 웃음을 넘어버렸다

목젖까지 보이겠던데",0,35.0,1
짱덕짱덕,0,4.0,1
매번 똑같은 연기,0,9.0,1
여러분의 수신료로 (북괴에서) 제작되었습니다.,0,25.0,1
지렸다리,0,4.0,1
오랜만에 졸잼 ㅋㅋ,0,10.0,1
우리 salmon도 좀 본 받아야 할텐데,0,22.0,1
동문으로써 심히 공감한다,0,13.0,1
누구냐 테레비안본지 10년인데,0,16.0,1
혈변 땜시 로긴했다,0,10.0,1
군대식 해결법 최고다,0,11.0,1
난 재밌는데,0,6.0,1
아메리아?,0,5.0,1
"행시 중 최고 - 재경직

엘리트 중의 엘리트 인데

문 정권의 거짓말과 가면을 보여준다.

말로만 정의

뒤로는 나쁜 짓.

신재민 화이팅 !!!",0,92.0,1
솔직히 이쁘지는..,0,10.0,1
창의적이다,0,5.0,1
노무현을 이 이상 사랑하는 사람들은 없다,0,22.0,1
몰아몰아 ~~,0,7.0,1
비트좋네,0,4.0,1
업보다..,0,5.0,1
꼴린다 ..,0,6.0,1
고생햇다 좋은정보,0,9.0,1
아놔 진짜 무섭다,0,9.0,1
"뛰어난 작품성이다.

많이 만들어라.

교육적 가치와 진실성 면에서 만점이다 이기야.",0,51.0,1
소흥민이~~!! 소흥미니 어디까써~~??!!,0,24.0,1
비웅신,0,3.0,1
파라파라 댄스,0,7.0,1
어느학원다니십니까,0,9.0,1
사람사는 인생 우연의 연속~,0,15.0,1
이거 정말 재미있네!,0,11.0,1
"아무리 생각해도 이건 작품이다
힘들때 마다 볼테니 지우지마라.",0,35.0,1
"중국의 악습과 체제는 변화는 없지만

수십억의 인구를 배경으로 나오는 머니를 통해 산업 과학 경제는 끝없이

발전하게 될것임..

이는 미국을 넘어설 대등한 수준까지 올라갈듯함...

중국의 기술력은 웬만한 선진국 기술 다 벤치해서

거의 다 따라잡고 있음..

짱께라거 무시하고 결코 가볍게 보면 안됨

정말 무서운 중국임을 잊으면 안됨.",0,204.0,1
북한은 아직 썰매가 대세 아니노 먼 피겨 스케이팅..,0,29.0,1
개인이요,0,4.0,1
나 받아놓고 루즈할까바 안봤는데 오늘시청한다,0,24.0,1
올빼미면 워마드 파생카페네ㅋㅋ,0,16.0,1
와내이상형,0,5.0,1
이쁠까...,0,6.0,1
"정말 대단히 잘못하셨네요 오유, 거기가 어디라고 ㅎㅎㅎ",0,30.0,1
진또배기만 모였네..ㅋㅋㅋㅋㅋㅋ,0,17.0,1
진짜비상식적인데 이게 실제상황이리리,0,19.0,1
아니 세상에;;;,0,9.0,1
큭큭큭... 칠푼이머슴하던 그..,0,18.0,1
탁월하다 진짜,0,7.0,1
이건 아니야ㅠㅠ,0,8.0,1
1965년쯤 잡고 당시 스무살이 지금의 70대들이구먼 ㅋㅋㅋㅋㅋ,0,35.0,1
"지금 페북스타 여고딩 싹벗어버리네;;ㅋㅋㅋㅋ

http://blog.daum.net/1xormrrl001/2",0,62.0,1
가장 비참하고 잔혹하며 처절한 최후를 맞이하기 바란다. 얼마 안 남았다.,0,40.0,1
펄럭~,0,3.0,1
요들이라뇨 전 단지 망치를든 작은 소녀일뿐인걸요 ?,0,28.0,1
소름돋는다..멋지다,0,10.0,1
재앙을 보내버리죠..,0,11.0,1
ㅇ,0,1.0,1
솔까 영화 잼있던데 딱히 신파로 가지도 않았고 있던 사실 거의 고대로 보여준거아닌가 근데 나 하정우랑 아귀 팬이었는데 이런영화찍은거보니 좀 실망스러운건 어쩔수 없더라,0,92.0,1
모두투어로 몇번 다녀와봤는데 다른 여행사들보다 훨씬 좋던데 안타깝노,0,37.0,1
진짜 여자들 너무 싫다,0,12.0,1
한 사람이 세상을 바꾼다.,0,14.0,1
주인니뮤ㅠㅠㅠㅠㅠㅠㅠㅠ,0,12.0,1
쿨하다.,0,4.0,1
ㅎ,0,1.0,1
무쿤..보고싶었어..,0,11.0,1
우린 팀킬 안해요~,0,10.0,1
그냥 입터는 것만 잘하는 관종일 뿐. 그 이상도 그 이하도 아니다.,0,37.0,1
케이블 드라마 재방만 나와도 돈들어오지않노,0,23.0,1
질본... 질본... 이름이 너무 야하지 않냐?,0,26.0,1
"내 나이 41살 유부남인데 진지하게 사나와 교제하고 싶다.

둘이 손잡고 한강 고수부지로 피크닉도 가고 싶고.

둘이 손잡고 영화도 보고 싶고.

밤늦게까지 시간가는 줄 모르고 전화로 이야기도 하고 싶고.

비오는 날 사나 퇴근하는 것 기다렸다가 우산도 씌워주고 싶고.

기념일엔 테이블에 양초 하나 켜 놓고 초가 다 탈때까지 서로 마주보며 이야기하고싶다.",0,209.0,1
피할 수 없는 재앙,0,10.0,1
@맹모닝 리갈 마지막 기아차... 좋았지 ㅋ jbl 스피커가 참 갠찬,0,38.0,1
야 이거 재밋겠네,0,9.0,1
박수 ~~~~~~~~,0,11.0,1
전두환 때가 가장 살기좋고 희망이 넘치는 분위기 였지,0,29.0,1
"@민주화당한근혜찡 게이 말이 맞는 말이다 그러나 말을 해야할 시기에 용기있는 말을 할 수 있는 사람이 필요하지
지식의 깊이가 깊을 수록 자신의 지식이 완벽하지 않고 무지를 자랑할 수 있다는 것을 깨닫게 되어서
말이 없어지고 겸손해 지고 성실해 지고 감사하는 것 같다",0,150.0,1
기쁘게 생각하세요... 당신의 소중한 한표가 지금의 사람이 먼저인 휴머니즘 대통령을 만들었잖아요^^,0,55.0,1
"저 장면은 어떤 내용이냐

엄청 궁금함",0,23.0,1
노하나쯤은희생해도 말이되네,0,14.0,1
주변에 보면 정말 역겨울 정도로 많다..내가 잘못된건가? 라는 생각이 들정도로..,0,45.0,1
진짜 멋지다...,0,9.0,1
이딴만화에 서버린내가 싫다,0,14.0,1
장지현처럼 개인적으로 첼시 팬이고 이런건 괜찮음,0,26.0,1
너의 췌장을 먹고싶어,0,11.0,1
뚝배기감동니뮤ㅠ,0,8.0,1
토나온다.,0,5.0,1
별로,0,2.0,1
Hey! EEJ!,0,9.0,1
andar zz,0,8.0,1
Sưckéy Sờn,0,12.0,1
"피식, 허를 찔렀네..
너 이 녀석, 꽤 어려운 것을 해냈구나..",0,37.0,1
간바레.... 홍짱,0,10.0,1
여자들 남자 고추 좋아하는거 아니였나 자지만보면 꼴려할줄알았는데,0,35.0,1
이런거 보면 21세기소년 만화가 생각 남,0,22.0,1
센1송하무니다...,0,10.0,1
난 불법노점상 길 거리에서 안보는게 꿈이다,0,23.0,1
와 그분 얼굴 진짜.. 칼 많이..,0,19.0,1
"그야말로 윤규근 비스무레, 아니랄까. 또레오레 줄 섰지",0,30.0,1
"전국민 절도전과1범 만드는
대한항공 담요

여러나라항공사 담요 훔쳐봤는데
대한항공이 으뜸이다이기",0,57.0,1
초딩기여워ㅋㅋ,0,7.0,1
나는 고등학교 때 제2외국어로 일본어를 배웠다.,0,26.0,1
요번엔 될듯.,0,7.0,1
"차인표는 훌륭한 개신교인이고 자유 반공 연예인이다
영화 크로싱 봐라 좋은영화다 존나 잘만들었음",0,53.0,1
하...타임머신타고...벽...간장...,0,22.0,1
이건좀;;;;,0,7.0,1
비아그라 재고 보면 안다 머 했는지,0,19.0,1
박용만 완전 썩은 얼굴로 앉아 있네여..,0,22.0,1
얼마나 아팠을까,0,8.0,1
멋있게 살라이기야,0,9.0,1
"벼노인 에서 송강호가
권력은 국민드립도 컷지...
영화를 통한 선동술이 엄청남....ㅎㄷㄷ..
북한이 영화 문화예술로
3대부자 독재 공고히 한것도
그만큼 영화의 파급력이 엄청나기 때문임
지금도..영화판 보면
5,18...일제시대 끄집어낸 반일....
친북 영화가 넘쳐남 ㅎㄷㄷ..",0,164.0,1
안 웃김.,0,5.0,1
UNITED KINGDOM,0,14.0,1
"조선놈들의 지적수준으론 민주주의는 무리다.

일본형님들이 도와주기 전 왜 그 지옥같던 노예조선시대를 500년이나 허송세월보냈는지 이해가간다.

이 새키들은 행복할줄을 모르고 만족할줄 모르며 쓸데없는 자존심만 부리고 남 평가는 좋아하면서 자기 자신을 돌아볼줄을 모른다.

자신의 인생이 불만족스러우면서도 정작 어떻게하면 나아질지 진정한 사색과 사고를 하지않고 불평할줄만 아는 미개인이다.",0,221.0,1
"NOW PLAYING.

ENJOY THE SHOW!",0,31.0,1
딱....따..로...게....,0,17.0,1
가난이 스펙이란 말이 있지,0,14.0,1
내 이상형이다...만나고싶노,0,15.0,1
내스타일 아니라 답답하기는 하지만 유시민의 불리한건 농담으로 넘어가려는 수작을 요번이 점잔하게 제일잘 받아쳤다고 본다.,0,66.0,1
바보들의 행진인가 ㅎㅎㅎㅎ,0,14.0,1
"미국짱 !



미국짱 !",0,18.0,1
여행이 영어로 뭐지?,0,11.0,1
토론이나 토의에서 최고의 명답중 하나는 위와 같은 패러독스 결론임,0,36.0,1
Korea woman is...,0,17.0,1
내가 8.2퍼였군,0,9.0,1
아빠를 죽인걸수도,0,9.0,1
사랑해요 엔두쿤 !!!!!!!!!!,0,19.0,1
하이바쓰지그랬어 ?아마몰랐을꺼야 ... 근대신고는왜허니 ? 심심하니?,0,38.0,1
강적강,0,3.0,1
에이 설마 영화에도 많이 나오는 내용인데 아무리 멍청해도 그렇지 저걸모를리가,0,42.0,1
무서받......,0,9.0,1
로서,0,2.0,1
흔들엇-!,0,5.0,1
낄낄,0,2.0,1
많은 중학생들이 담배를 피우나요?,0,18.0,1
한 버려진 생명을 구했네. 장하다. 복받을 거다.,0,27.0,1
결국 다 뽀록날걸.. 보여주기식으로 시간 끌었네,0,26.0,1
검찰문신 센스는 최고,0,11.0,1
오움진리교인줄...,0,10.0,1
애비가 가족중에 강제징용된사람있다는데 흉악범인가,0,26.0,1
ㅋㅋㅋㅋㅋㅋㅋㅋㅋ 최고다,0,13.0,1
"글의 처음과 끝이 날카로운 칼끝과 같고,

그 칼끝이 노조를 향하는 것 같다.

정말 좋은글이었다 ㅇㅂ",0,61.0,1
띠요옹 꿈뻑 꿈뻑,0,9.0,1
"ㅇㅇ
차라리 귀신을 속이는 게 쉬음ㅋㅋ",0,22.0,1
내가 이래서 산과 안한다.,0,14.0,1
야...중3이 정말 대단하네.,0,16.0,1
괜찮으면 너가 먹고 정자수 변화수 제시해라,0,23.0,1
"일단 비나오는 영화는 거르고 본다 ㅎㅎㅎ 저렇게 도덕적으로 인성이 부족한 사람이 나오는걸 보는거 자체가 싫다

아무리 어렵게 자랐다고 참나...",0,82.0,1
"@Wh네른스트 동물에게 본능이 있듯이,
사람에게도 본능적인 양심이 있다고 생각한다.

다른사람에게 손가락질을 받지 않으려고,
나쁜 행동을 안 하는 것이 아니라,

내 맘속에서 느껴지는,
죄책감, 나쁜 일이라는 게 느껴져서,
악을 싫어하는 것이라고 나는 생각한다.

니가 본 책에서 느낀,
허무, 객관, 상대성 이런 것보다,
절대성이 있다고 생각한다.

따뜻한 가슴을 가지길 빈다.",0,226.0,1
평등은 없다 여성만을 위한 여성이 귀족 남성이 노예인 시대,0,32.0,1
개새끼_문재인을 바라보는 포항여고 여고생들의 미소는 진짜가 아닌 것 같음 ㅎㅎ,0,43.0,1
"진짜 디자인이 존나예쁜차

롤스로이스 팬텀 드롭헤드 쿠페 잉글리쉬화이트



파가니 존다 hp 바르게타



파가니존다 친퀘 로드스터



쉘비 코브라 1962



포드 머스탱 2007



2013 람보르기니 베네노",0,144.0,1
정보게이 강추!!,0,9.0,1
저 앵커 아주머니 겁나 섹시함♡,0,17.0,1
인생은 짧고 벌레는 영원하기 때문이지,0,20.0,1
"그 당시 그 곳은 현재
부천이 아닌 마계에 속한다. 그것두. 남구(아니 미추홀구)",0,46.0,1
천황이 이끈 난징페스티발에 조선인청년이 함께 했습니다,0,29.0,1
홍준표는 우리의 추억이다!!,0,15.0,1
이대호도.,0,5.0,1
지금이랑 똑같이 흘러가네..역사는 반복된다고 햇던가..,0,30.0,1
저인간 구속되는날 손꼽아 기다린다,0,18.0,1
"보수를 알게된것이 후회되는가??

가시밭길과 같은 길이다.

최면으로 기억을 지우고 싶을것이다 전우들이여..



현실은 안여돼 방구석 딸충들.. 딸딸딸딸


아무튼 나도 보수를 알게된것이 너무 고행의 길이다.",0,128.0,1
그야말로 마지막에 화룡점정이네,0,16.0,1
몹시 잠이 와.,0,8.0,1
진쨔 힘들었던 사람들은 저렇게 말도안함..,0,23.0,1
호우~,0,3.0,1
악의 축들!!!,0,8.0,1
어느 커플이 서로를 사랑스럽게 바라보고 있었다.,0,26.0,1
"아항, 바로 이해가 되네...ㅣㅣ",0,18.0,1
나미춘은 이쁨,0,7.0,1
"렉서스ls는 진짜 최고 존엄.볼때마다 부왁임.
es가 그나마 접근가능한 현실 대안인데
비슷한거 같지만 외부디자인부터 부족한 느낌.",0,74.0,1
곽씨 여전하군ㅋㅋㅋ,0,10.0,1
엄청난 전투력의 투사셨지 그겨울 눈속에서 울려퍼지던 우렁찬 연설에 감동 안먹은 사람이 없었지... 마음이 아프다,0,62.0,1
재밌다 ㅋㅋㅋ,0,7.0,1
멋있다.,0,4.0,1
ㅠㅠㅠㅠㅠㅠㅠㅠㅠㅠㅠㅠ므현이 주거떠,0,19.0,1
오오!!!,0,5.0,1
니 애인 생각보다 훨씬 더 예쁘더라.,0,20.0,1
그래도 안하는것보단 낫다.,0,14.0,1
이 부장 영상 은근 재밌어서 지금까지 나온 영상 다 봄,0,30.0,1
"isn't she lovely ♩



isn't she wonderful ♬



판사님 저는 스티비원더입니다",0,70.0,1
프리덤!,0,4.0,1
박근혜 최강병기 정유라의 위력에 진보연합 노장들이 추풍낙엽처럼 쓰러지던 그때!! 그의 표창이 너무나도 빨라 환영만 볼수있다는 표창왕 조민을 선두로 아빠없이 홀로 무예를 터득한 독고다이 문준용.태국의 격투왕 싸와디캅 문다혜.부모조차 그를 본적없다는 닌자술의 대가 MRI박주신.무예와 법학 문무를 두루 겸비한 박원순의 딸까지 진보연합을 구하고자 젊은장수들이 일어섰으니! 이것이 바로 박근혜보수 최강병기 정유라.홍종욱딸.나경원아들을 넘어설 궁극의 진보 풀파워다!! 신이시여! 저희에게 시카고명품왕 임종석딸을 히든으로 내려주심에 감사드립니다!!,0,300.0,1
교안오빠 사랑해 ㅠ,0,10.0,1
감탄!,0,3.0,1
일념! 묵동!!!!,0,10.0,1
3일에 한번씩은 마자야...,0,15.0,1
매력있어,0,4.0,1
그래도 평균키 이상에 s클라스 배우급 얼굴으로 낳아주긴함,0,31.0,1
ㅠ.ㅜ,0,3.0,1
조작달봉,0,4.0,1
채고다,0,3.0,1
ㅊㅊ,0,2.0,1
그정도로 입이 싸면 이렇게까지 되지도 않았다,0,24.0,1
노래는 진짜 좋은데... 안타깝다,0,18.0,1
좆불혁명 이랜다...ㅎㄷㄷㄷ,0,15.0,1
일병도있네 마음아프다 .....,0,17.0,1
이 신발은 손님을 5센티미터 커 보이게 만들 겁니다.,0,29.0,1
"구독 좋아요 누르고 알림까지 설정하는거 아시죠!!

지금까지 BJ붉은별이었습니다!",0,47.0,1
정신병 걸릴것같이 리모델링했네,0,16.0,1
딸이 예뻐서 괜찮,0,9.0,1
눈물나네...어머님의 마음이 얼마나 아프실까??어머님!! 힘내세요!!!,0,39.0,1
ㅈㄴ웃기당ㅋㅋ,0,7.0,1
아~아! 이 잔인한 인간..이렁게 심하게 팩트의 융단폭격이로구나! 보는 나두 정신을 못 차릴 정도의....ㅇㅂ 무라,0,64.0,1
혼다 오토바이 좋다,0,10.0,1
유주얼 서스펙트,0,8.0,1
탈진한 의사 뭔가 느낌있고 멋지다,0,18.0,1
짜증나는 말투 듣고 반성 많이하게됬다,0,20.0,1
해가 바뀌어도 변함없이 해는 뜬다.,0,19.0,1
"자유로운 영혼이냐?
뭘 묻든 답하고 싶은 걸 답함",0,28.0,1
후회하더라도 저런감정느낄 사랑을 해보고 뒤져야 인간인거다,0,31.0,1
말 정말 잘하네..,0,10.0,1
"어떤 경우에, 저는 성급하게 결론을 내립니다.",0,25.0,1
"화내지 마세요, 그냥 장난이었어요.",0,19.0,1
역사왜곡 그자체 영화입니다.,0,15.0,1
우정이 참 찐하네 ㅎ.ㅎ;,0,14.0,1
진실이 밝혀지는 것을 원한다.,0,16.0,1
"틀딱으로
내 어렸을 때 서울의 달, 여명의 눈동자 같은 드라마 방영했던 기억이 난다.
솔직히 너무 어려서 무슨 내용인지 이해도 못했지만 다시는 그 정도 클라스 만들어 내기는 어렵겠지

엠빙신은 그냥 좆병신들임
민영화 시켜서 민간사업자가 운영해야 한다.",0,145.0,1
"여호와증인이란 단어보고 다른내용스킵했다.

딱봐도 견적나옴",0,34.0,1
진짜 지리고 오지고 렛잇고,0,14.0,1
"말빨 진짜 개쩔어

병준찡",0,16.0,1
베충이 토실토실한게 너무 귀여운데 ㅋㅋㅋ,0,22.0,1
귀엽다..,0,5.0,1
공부의 신이 공천의 신한테 기립박수를 보낸다,0,24.0,1
광주시민이라고 밝혔으면 아덴만의 여명 시즌2 찍었을 듯,0,30.0,1
요즘 역사영화 왤케 많이나옴?,0,16.0,1
역시 마카롱이야,0,8.0,1
웃음참기대결?,0,7.0,1
야 제목이 너무 자극적이어서 흥행못할듯,0,21.0,1
"sksals qnfTkdgkaus slsp wlqdptj 3ekfrksaksdlfkeh rkxdl tkfdk qhfkrh toRi

dkrkflaks xjfwlakfrh~~",0,98.0,1
으... ㅜㅜ,0,7.0,1
이강택PD 기억해야겠구만,0,13.0,1
똑똑하다...이런건 배워야한다..,0,18.0,1
을사오적 무술오적,0,9.0,1
그것 재미있겠다.,0,9.0,1
뎀뿌롸 스시 사쒸뮈~ 뮈~ 뮈~,0,17.0,1
끌끌,0,2.0,1
"Korea mobile services

154,009명이 좋아합니다",0,40.0,1
"청왜대에서 좋아요 추천, 구독알람 눌러주나봄 ㅋㅋ",0,27.0,1
나만 그런 게 아니었구나,0,13.0,1
알바 예쁘다,0,6.0,1
"몰라잉 하나 남기고 사라져버린 비운의 가수 메이다니 아니당가ㅋㅋㅋㅋ
중딩때 많이 들었는데",0,50.0,1
유쾌한 ㅋㅋ,0,6.0,1
이건진짜 너무 소름끼친다,0,13.0,1
니네 한남들이 아직도 순진한 바보인게 저런게 존재하지 않을거라 존재해도 극단적인 일부일거라 믿는다는거 아니 믿고싶어 한다는거,0,69.0,1
여좌는 훌륭한 임무가 남아있습니다... 똥꼬대줄꺼아님 섬으로 꺼져랑껭~~,0,40.0,1
푸하하하,0,4.0,1
오랫동안 앓던 고환암이 이 글 보고 완치되었습니다 이기,0,30.0,1
이게 원본..,0,7.0,1
우리 엄마는 중학교 미술 선생님이야.,0,20.0,1
"안티푸라민 추천합니다. ㅋㅋㅋㅋㅋㅋㅋㅋ누나에""건자""를 위하여",0,33.0,1
노란 장미보다 붉은 장미가 마음에 들어요. ,0,24.0,1
"일본에서 3월 30일 개봉한다.
제목:윈스턴 처칠...",0,31.0,1
평범한 아버지....?,0,12.0,1
"@싼타클로스 군대?감옥같은곳이지 자유를 억압받고 통제당하고 그러는곳잇데 한국여자들이 그런걸알까?

나는 자유를 원치 않게 뺏겻다 생각해서 너무힘들었다

하트브레이크인가? 멜깁슨 영화

거기서 마지막에 주인공이 자유 외치며 뒤지는게

인상깊었다

억압이라는것도 받아보고

자유는 인간의 삶에있어서 가장필요하고 소중한 가치기준의 최고1넘버 원 같다",0,204.0,1
윾쌍해...,0,6.0,1
권수정 영화배우 예쁘네,0,12.0,1
에칭가스 공장 만들면 뭐할겨 그거 제대로 담을 용기 못만든다면서,0,35.0,1
어떻게 웃지 않을수 있노 보자마자 빵~터졌노,0,24.0,1
"마지막에 낯은 익는데 누군지 모르겠다
그래도 흐믓하게 웃었다
잘하고있다 ㅋㅋㅋㅋㅋㅋ",0,48.0,1
"인간의 삶은 매우짧기에 인류의 문명이 빠르게 발달한것이지

영생한다면 무언가를 할필요가 존나없음

걍 하고싶은거만해도 평생을살텐데 걍 하고싶은거나하며 살지

그러다 1만년쯤살면 걍 뒈지고싶을듯",0,113.0,1
태구민 화이팅 !!,0,10.0,1
제인굿딸,0,4.0,1
깊은 빡침이 느껴진다,0,11.0,1
쥬쟉쥬화,0,4.0,1
"역시 이랬구만
이게 펜을 든 살인자지 뭐야",0,24.0,1
이런건 진심으로 추모하고 싶다.,0,17.0,1
추하긴하네 재밌긴한데,0,11.0,1
"젊은시절예뻤는디



그 타짜의 고니랑 찍은영화에 보면



올누드 배드신 나온다",0,53.0,1
와우.,0,3.0,1
이름값한다 the only citizen,0,22.0,1
이 케이크는 맛이 달다.,0,13.0,1
VARSACE,0,7.0,1
착해지는 과정,0,7.0,1
좋다조아,0,4.0,1
동근이 성님. 너무 자주 보여 ㅎㅎㅎ,0,20.0,1
국민의 맘속에 멍어리가 진다,0,15.0,1
나는 늘 옆으로 잔다.,0,12.0,1
벜슼운ㅋ전ㅋ잨,0,7.0,1
저인간은 도무지 정이 가질 않는다,0,18.0,1
박수 짞짞짞,0,6.0,1
이영애를 이영자로 봤네,0,12.0,1
"청장새끼, 아첨꾼의 가식적인 웃음보소",0,20.0,1
어이구 화상들...,0,10.0,1
목소리가 진짜 너무 아쉽,0,13.0,1
뭐지 ..?,0,6.0,1
"구숙정은 노출연기는 많이했어도 끝내 꼭지는 한번도 안보여줌
빨통까진 보여줬어도 꼭지는 자존심으로 생각한듯",0,59.0,1
도이치란드...,0,8.0,1
이행강제금 무시못한다.,0,12.0,1
존경합니다..,0,7.0,1
하 너무 가슴 아프다 어머니,0,15.0,1
아이디만 빌려줬다지만 직접 한건지 어떻게 알아?,0,26.0,1
"좋아하던 아나운서들 종편으로 빠지는거 보니 기분 좋다

엉뚱하고 털털한 조수빈

풍만한 가슴과 신선한 마스크의 소유자 류주현",0,73.0,1
꿀 잼,0,3.0,1
이거 아주 오래전부터 나온 얘기인데 이제서야 이슈화되네... 불씨가 꺼지지않고 활활타오르기를 바란다!,0,56.0,1
초딩때 봤으면 아줌마보고 딸쳤다,0,17.0,1
"저런 영화가 나오는 이유는 영화판에 있는 새끼들 수준이 저래서 그래

뭘 몰라

아무 것도 모르면서 아는 체 하는 놈들이지",0,72.0,1
그녀가 행복하면 나도 행복하다. ,0,18.0,1
와 역시....,0,8.0,1
띠용~!,0,4.0,1
너무 위험한 발언을 해버리셨네. 그녀들이 몰려오는 소리가 들린다. 부디 힘내시길,0,44.0,1
솔지키 존나멋있긴하다 느와르영화가틈,0,19.0,1
"진정한 노블리스 오블리제

님 머한민국에서 대한민국 시민으로 사시는게 어렵지여?

하지만 전 쬐금 알수있습니다 왜?

내가 아는 이것이 넘 좋아 다른 사람들도 알았음 노력하시는 님

감사하고 고맙습니다 ^^",0,123.0,1
"박~~~~~~~~~~~~~~~~~~~~~~~~~~주~~~~~~~~~~~~~~~~~신....

오~~~~~~주멘.

언제돌아오냐?

법정에서 부르는데도 왜 안와........이번 설에는 꼭 와라~~~~~~~~~~~~~~~~~~~~~",0,134.0,1
아내의맛 하차당함 ㅠㅠㅠㅠㅠㅠㅠㅠㅠㅠㅠㅠㅠㅠㅠㅠㅠㅠㅠㅠㅠㅠㅠㅠㅠㅠㅠㅠㅠㅠㅠㅠㅠㅠㅠㅠㅠㅠㅠㅠㅠㅠㅠㅠㅠㅠㅠㅠㅠㅠㅠㅠㅠㅠㅠㅠㅠㅠㅠㅠㅠㅠㅠㅠㅠㅠㅠㅠㅠㅠㅠㅠㅠㅠㅠㅠㅠㅠㅠㅠㅠㅠㅠㅠㅠㅠㅠㅠㅠㅠ,0,100.0,1
"Deuteronomy 6장(KJV)



4 Hear, O Israel: The LORD our God [is] one LORD:

5 And thou shalt love the LORD thy God with all thine heart, and with all thy soul, and with all thy might.

6 And these words, which I command thee this day, shall be in thine heart:

7 And thou shalt teach them diligently unto thy children, and shalt talk of them when thou sittest in thine house, and when thou walkest by the way, and when thou liest down, and when thou risest up.",0,468.0,1
이라니 여자들이 뻑이 가지~!,0,16.0,1
목성은 볼때마다 소름이 돋는다.,0,17.0,1
타이 꾸일러! 피엔이디알,0,13.0,1
"비쩍 말라서 버짐핀 얼굴의 청년이 TV에 자주 나온다. 그는 거물이 되어서 금감원장 물망에 오르나 영계인턴을 외유동반, 번개승진으로 결국 추락당한다ㅋ",0,83.0,1
그래도 겨울왕국에서는 커엽게 나오드라,0,20.0,1
나이가 드니까 그나마 보기 좋았던 얼굴도 망가져가누,0,28.0,1
"정게로, 쟤네도 별로지만 여기에 늙은 게 너무 설친다.",0,30.0,1
아빠..,0,4.0,1
그냥 차끌고다니고 대리가 훨씬이득인듯..,0,22.0,1
그 사람 정말 좋은 사람 같아요.,0,18.0,1
내용이나요약이나,0,8.0,1
이건희 회장님한테 제대로 배웠구나,0,18.0,1
"상품명이 우린
자매품 찌린
비린도 찾아주세유~",0,27.0,1
검붉은 액체 양동이째로 부으면 재밌겠가,0,21.0,1
"욕심이 수치심을 넘어선 자들만이 ""나름""성공하는것처럼 보이지만

한번사는 인생,도대체 얼마나대단한 영광을 누리려 하는가.

자신의 한계를 겸허히 인정하고

장점을 살려 사는것이 올바른 길이다.",0,113.0,1
진짜 궁금한데 남배우 몸로비는 없겟지? 감독도 남자니까,0,30.0,1
지도를 보면서 알려드릴게요.,0,15.0,1
문제인도 어찌보면 불쌍한 사람이야..,0,20.0,1
우파는 캐릭터도 사랑스럽고 귀엽기까지하냐,0,22.0,1
"눈감고 살짝밀면 인생책임지마.
아니 그래도 어떻게!;;
사설경호원으로 인생 마무리할래. 눈한번 질끔 감고 인생필래.
너 말고 할 사람많아.잘 생각 하라고.",0,89.0,1
인터넷에서 영화를 볼 때 어떤 사이트를 이용하세요?,0,28.0,1
하하하,0,3.0,1
하아... 1절... 2절... ㄴㅚ...,0,23.0,1
맛이없었어 ㅠㅠ,0,8.0,1
귯,0,1.0,1
나만 아는줄 알았는데,0,11.0,1
고작 1년??!!!,0,10.0,1
"14년도 당시엔 충분히 애도할 수 있다고 본다.
배우로써의 이미지도 있으니 더더욱.
국가가 책임지라는둥 잘 모르겠지만
거대한 음모가 도사리고 있다는둥
개소리만 안한다면 ㄱㅊ은듯",0,102.0,1
몸을 사리셔요 ㅜㅜ,0,10.0,1
급하면 그냥싸도 별만없으니 좋을듯,0,18.0,1
"(John 1. / KJV)
1. In the beginning was the Word, and the Word was with God, and the Word was God.
2. The same was in the beginning with God.
3. All things were made by him; and without him was not any thing made that was made.
4. In him was life; and the life was the light of men.

(요한복음 1장 / 개역한글)
1. 태초에 말씀이 계시니라 이 말씀이 하나님과 함께 계셨으니 이 말씀은 곧 하나님이시니라
2. 그가 태초에 하나님과 함께 계셨고
3. 만물이 그로 말미암아 지은바 되었으니 지은 것이 하나도 그가 없이는 된 것이 없느니라",0,433.0,1
암베야... 보여주고가...,0,15.0,1
세상에 완벽범죄는 존재한다고 생각함,0,19.0,1
야야..그나마 두떼르테는 b5사이즈다..여기서 국격이 나오네 술술~~~,0,39.0,1
스키를 가장 좋아해요.,0,12.0,1
관상.....퉤!!!!!!!!,0,16.0,1
이정도의 사나이라면 천하통일에 한발 더 내디딜 수 잇지요,0,31.0,1
Britain's Got Talent,0,20.0,1
"쟤 후기 봤는데
페미 정신병 영화일줄 알고 봤더니 생각보다 괜찮다네?
오히려 페미들이 꼭 봐야할 영화같다고",0,61.0,1
이기,0,2.0,1
현기증 난다. 빨리~,0,11.0,1
차악책이라고 생각한다 그저 감사할따름..감사합니다..감사합니다..감사합니다..감사합니다..감사합니다..감사합니다..감사합니다..감사합니다..감사합니다..감사합니다..감사합니다..감사합니다..,0,106.0,1
영상조작이나 하지말아라,0,12.0,1
와 그니깐 뇌가 늘어난 수명을 감당 못한다는거네 ㄷㄷㄷ 세상이 좋아져서 수명이 늘어나는데 뇌의 수명은 늘어나지 않다는건가? 참 흥미롭네...,0,78.0,1
긴장한 눈알탱,0,7.0,1
한국에서 천만 관객 찍었겠누,0,15.0,1
우리한텐 더 강한 보온병이 있다,0,17.0,1
게다가 멋지게 생기셨다...진짜 품격있는 엘리트 느낌 물씬,0,32.0,1
ㅇㅣ박사냨ㅋㅋ1,0,8.0,1
탄탄한 시나리오가 일품,0,12.0,1
유럽에서 진짜로 본 적 있음. 진짜로 보면 ㅈㄴ 무서움. 마치 세계의 종말이 온거 같은 느낌이 듬.,0,55.0,1
기몯이,0,3.0,1
시기가 미묘하네요,0,9.0,1
무쪄워 ㅠㅠ,0,6.0,1
끄-덕,0,3.0,1
"나이 들어서 시력이 약해지는것은 하늘의 뜻이라지만...



모든것을 너무 자세히 보지는 말라는 하늘의 뜻이라지만



저건 ㅜㅜㅜ 가슴아프네 선천적이라니 ㅜ 그래도 애가 잘 큰듯",0,108.0,1
ㅜㅜ,0,2.0,1
대중이때보다 더하구만 ㅎㅎ,0,14.0,1
정말 다행이다,0,7.0,1
"토 나올 쉐끼덜,..툇",0,12.0,1
이것은 평행우주론에 새로운 전기를 마련한 역사적 발견이다.,0,32.0,1
진짜 무섭다 무서워 ;,0,12.0,1
반드시 죄를물어야한다,0,11.0,1
윀~~~~~,0,6.0,1
성재기님의 빙의인가...,0,13.0,1
"아가리만 터는 나를 부끄럽게 만드는구나

일전도의 굴욕이 반복되지 않도록 끝까지 싸워주기 바라며 진심으로 응원한다.",0,66.0,1
직업특성때문에 VOA보고 VISA ON ARRIVAL 인줄,0,32.0,1
아직 레드라인 안 넘었다 이기,0,16.0,1
좋은 아내를 만나야 하는 이유,0,16.0,1
"같은 인간한테서 인간같지않은 추악함을 봤겠지.
평소 생각하던 인간상에서 큰 괴리감을 느끼면 정신병이 걸릴수 밖에 없다.",0,67.0,1
"이쁘고 슴가도 크고 햐...
이건 부럽네...언제까지 부러울지는 모르겠지만...",0,45.0,1
아기가 자꾸 울어서 데리고 나왔어요. ,0,21.0,1
"지금 이순간 바로 여기~ 말로는 뭐라 할 수 없는 이 순간~

중략

남은건 이제 승리 뿐~",0,55.0,1
헤헹,0,2.0,1
칼 맞는 연기 1인자!!! 친구에서의 그 건 진짜 ㄷㄷㄷ,0,31.0,1
아프리카의 눈물이냐....,0,14.0,1
크큭.. 남자는 모두 이런상황엔 똑같다..랄까? 화기애애군요.(웃음) 그럼 전 이만(오이! 멋대로가지 말라고 퍽!),0,64.0,1
그라싸이 브라나,0,8.0,1
이맛일^^,0,5.0,1
의사에게 진찰받아 봤니?,0,13.0,1
나도 참전했었다 개뿌듯하다 다들 수고했다ㅠㅠㅠㅠㅠㅠ,0,28.0,1
여자는 이렇게 하는거란 말입니다,0,17.0,1
고운보다 훨씬 작문 좋은데??,0,16.0,1
소신이 없으니까 그렇다 어떻게 하면 사람들이 좋아하고 감동할수있을까만 생각해서 말하니까 무슨말을 했는지 모르지,0,61.0,1
의혹,0,2.0,1
캬~,0,2.0,1
롤렉스가 언제부터 하이앤드였다고..;,0,20.0,1
"요즘 미국에서도 한국이 제2의 이란꼴이 나면 미국안보에 상당히 치명적이란 이야기들이 나오더라

이란당시때보다 한미상호조약때문에 더 많은 첨단 기술과 정보가 한국과 연결되어있기 때문에

한국이 이란처럼 되버리면 그야말로 미국에 치명적일수밖에 없으므로

한국과의 관계를 어정쩡하게 하지 말고 확실하게 선을 긋는 방법을 가지자란 주장들이다",0,192.0,1
"아니 시발 나랑 같은영화 본 사람들 맞나 싶다
페미든 일베든 저 아나운서도 그렇고 내가본 김지영은 그런 색깔논리로 볼 영화는 아니었는데 왜 이 영화를가지고 그렇게 서로 싸우냐?? 정신병들 있는거같다.... 물론 진짜 몇몇 장면은 의도하고 집어넣었기에 이해안가는 장면들도 있긴했다만 전체적인 내용만으로 보면 글케 까일만한 내용이 아니다....
같이본 여자가 영화는 그래도 현실적으로 재구성해서 그렇게까지 불편하진 않았는데,책은 아무래도 좀 억지스러운 내용들이 많이 나오긴했었다더라....",0,273.0,1
"(절래, 절래)",0,8.0,1
역시 훌륭한 부모님 밑에서,0,14.0,1
"김세의...



응원한다...



이기야...",0,35.0,1
"milf

bondage

cumshot",0,26.0,1
아빠 나 왜낳았어!!!,0,12.0,1
90년대 안살아봐서 모르겠네여,0,16.0,1
"인생은 원래 공평하지 못하다. 그러니 받아들여라. -빌 게이츠
난 이 말을 오래 전 접한 뒤로 점점 인생을 영악하고 악착같이 살게 되더라.
그러다 보면 가끔 사람 사이의 정이라는 게 무엇인지도 가끔 의심을 품게 되더라.",0,124.0,1
"엠비씨몽이 죳박이일 시청률 머신이었는데 .. 넘아쉽다
죳같이 재미없던.이순길같은.새ㅣ끼보다 백배재밌음",0,57.0,1
"에니메이션 바키의 하나야마 라는 야쿠자케릭터 있는데
어릴때 처음봤을때부터 참 매력적이더라.
백정장에 악어가죽구두 신고.
개인적으로 이런 안경쓰고 무섭게생긴사람이 겁나더라.",0,98.0,1
"난 이게 취미일수있다는거에도 놀랐고,
정말 세상엔 다양한사람들이 많다고 다시한번느낌
다들 행복하게살자",0,58.0,1
야발라바히야~ 한번더~ 될때까지~! (그런 의미였던건가?),0,32.0,1
그리고평화!!!ㅋㅋㅋㅋㅋ3:24존나웃기네,0,22.0,1
True grit.,0,10.0,1
"@정아의코끼리불고기 난 음악, 몰카동영상(개그몰카), 웃긴영상, 영화리뷰,",0,41.0,1
상상만으로도 꼴리네.. 고준희 ...햐....,0,25.0,1
"고냔고거 입한번 걸네, 언제 쇠주한잔사줄께~~ 엥기지는 마라~",0,34.0,1
@강정연 음음 상속이 그런 세상물정이란게 잇구나 놀랍고 재밋네,0,34.0,1
막장,0,2.0,1
무조건 미굳으로 갔어야함,0,13.0,1
문이 저절로 열렸어.,0,11.0,1
이거 5년전에 본건데...,0,14.0,1
아이들이 놀이터에 모였다.,0,14.0,1
마동석나오는영화는 거름,0,12.0,1
[팬앤마이크]로 가면된다.,0,14.0,1
스누피 귀엽,0,6.0,1
"조선인들은 중국의 옛 현인들의 말과 역사, 속담들로 가득 채워 문집을 만드는데,

사실 이를 제대로 이해하는 사람들은 없었고 시험관조차 이해하지 못하는데,

이렇게 이해하기 어려운 글일수록 사람들은 글을 쓴 사람을 대단하게 여긴다.

- 독일인 헤세 바르텍 -",0,151.0,1
해군의 어뢰에 침몰한 거 같다.,0,17.0,1
그저 앤젤...,0,8.0,1
현태 보고싶다,0,7.0,1
니가졋어 ㅋㅋ,0,7.0,1
"""넌 나에게 신이었고 너의 편지는 성전이었다"". ??? ㅋㅋㅋㅋㅋㅋㅋㅋㅋㅋㅋ

사이월드 허세 시리즈가 괜히 나온 게 아니었어.",0,72.0,1
캬... 진짜... 간첩들지금 사회전방위로 퍼져잇구나...,0,32.0,1
딱 배우들만봐도 영화 다 봤네,0,16.0,1
겨드랑이,0,4.0,1
쉐프...,0,5.0,1
라미란씨 의외네,0,8.0,1
오빠들 전화좀요 010-6460-5744,0,22.0,1
역시 의사;; 논리의 헛점을 파고드네,0,20.0,1
성공하는사람은 언니쪽 실패하는마인드는 사연의주인공.,0,28.0,1
누나 화이팅!!!,0,9.0,1
"이상하네 추천을 왜 할수없다고 나오지?

내정보털렸나?",0,32.0,1
요 배충이는 3급.....지적장애,0,18.0,1
알바가 아니라 직원하나 아웃시켰딘,0,18.0,1
해명하게 만들어야한다,0,11.0,1
도랐네ㅋㅋㅋㅋㅋㅋㅋㅋㅋㅋ 이런 대작이 나오다니,0,25.0,1
스즈찡 도라와 ㅜㅜ♡♡♡♡♡,0,15.0,1
@미스딥트롯 봊같은 워마드,0,14.0,1
모야 암이 아직남아있어,0,12.0,1
추운날. 정숙이 이마에 보톡스 하나 놔드려야겠어요 ^^,0,30.0,1
워마드 휘하에 두고 운영하는걸거다,0,18.0,1
크 아랑전설 커밍순!,0,11.0,1
감사하오,0,4.0,1
무식한 색히들..그냥 뒤져라.,0,16.0,1
석여리는이제좀 쪼리는듯.,0,13.0,1
거기에서 보자.,0,8.0,1
너무 잔인하다,0,7.0,1
진실을 외면하는자들은 결국 역사으 심판에 삼족이 멸할것이여,0,32.0,1
울 엄마다,0,5.0,1
요시그란도시즌!,0,8.0,1
쉐월레드립만없으면 완전부들거리게 할수있는 공격인데 쉐월레드립때문에 또 고인들과 묶고엮어서 패륜공격당할듯 쓸때없는드립으로 포인트에서 벗어난 헛점을 왜주는지.. 서인이도 헛점이너무많아.,0,101.0,1
목소리가 너무 에러더라 .. 너무얇아서애같음,0,24.0,1
우울할때마다 펼치면 속병이 낫습니다,0,19.0,1
비교되신다..,0,7.0,1
거장이다,0,4.0,1
내일 티비 안봐아겠다.,0,12.0,1
이 정권 들어서면서 하루하루가 노무노무 스펙타클하다. 내일이 기다려지는 삶을 살 수 있으리란 생각을 접은지 오래였는데 이젠 달라졌다. 삶이 이리도 흥미진진하다는 걸 깨우쳐준 이 정권 관계자 모두에게 진심으로 고마움을 전한다. 난 또 내일을 기다린다.,0,139.0,1
메갈애들이 이걸보고 또 이 악물고 달려들겠네ㅋㅋㅋㅋ,0,28.0,1
당시의 조선사회가 워낙에 쓰레기였던 점이 컸지.. 식민지시절이 뭐 그렇게 좋기만 했겠나 조선인들 일본사람들이 지금도 무시하는 것처럼 그땐 더했지,0,80.0,1
82un8000운다...,0,13.0,1
갈때마다 불로초라도 먹고오는건지..,0,19.0,1
그것은 내게 고통스러운 기억이다.,0,18.0,1
"와!

'창공으로' 관객 25명 실화냐?

진짜 내용은 커녕 이런 영화가 있었는지도 모르겠노.",0,56.0,1
금덩어리였음 과연 반품할까? 이기이기 궁금하다,0,25.0,1
퉤 !!!!!,0,7.0,1
저영화 찍을 당시 저 딸 역할의 배우의 나이는 18살 친구로 나온 요망한 년은 21살때 찍은 영화,0,54.0,1
그래도 천만 다행이네요,0,12.0,1
춤이 은근히 키가 너무 크면 안어울리는데 비가 여러모로 자기 춤실력에 비하면 보기에 멋짐,0,49.0,1
당연한 걸 뭐...,0,10.0,1
논리있는 흐름이 좋다,0,11.0,1
끼요오오오오옷,0,7.0,1
하이퍼리얼리즘이다,0,9.0,1
Stupid,0,6.0,1
개꿀잼,0,3.0,1
개소름 무언가 돌파구가 필요할때 다 죽이는건가,0,25.0,1
믿거정. (믿고 거르는 정우성 영화),0,20.0,1
"원래 순간만 참으면됨. 모두 그 순간을 못 참아서 낭패를

봄",0,36.0,1
뭘 힘들게 찾니 난 이제 얼굴보면안다,0,20.0,1
그녀의 말은 사실과 전혀 달라.,0,17.0,1
이xx들 무개념이네..,0,12.0,1
그렇습니다.,0,6.0,1
"방석집이 재미있제 ㅋㅋㅋㅋㅋㅋ
마 썰좀 더 풀어바라",0,29.0,1
"그 어느 장소에서 만나건 한구에서 근무 했던 미군출신들은 친한이시다.
생명다해 지킨 조센이 배은망덕의 늪에 빠져 허우적 거리고 있는 현실이 참담할 뿐이며

문사탄을 위시한 ㅃㄱㅇ들 그리고 2차세계대전시 조센을 악랄하게 고문했던 일본 그리고 고모부,형 기타등등 제 앞길 걸림돌이면 그냥 서슴 없이
죽여 버리는 김정은 이 모습들이 악이 현존하고 있는 현실을 조명해 주고 있는 것이다.

스스로들 자신 정신 잘 건수해서 악의 시다바리 도구는 되지말자",0,254.0,1
나 학창시절 학교여자영어샘이 있었다. 그샘은 신랑과 불화가 심한지 수업중에도 늘 남자새끼들은 화를 있는 끝까지 내게 만들어봐야되. 그래야 착한지아닌지 알수있어 이런식으로 수업하면서 남자에 대한 반감이 너무 심한 샘이라 영어수업이 늘 불편했다.,0,135.0,1
구독중입니다,0,6.0,1
푸하하하하.....,0,10.0,1
진짜 쫌더하면 망자들도 살아날기세...지겹다 정말..,0,29.0,1
덕분에기분좋아졌다ㅎ,0,10.0,1
오나미 예쁨,0,6.0,1
민듀아아아아 펀~~~~치~~~!!!!,0,20.0,1
생긴것만 봐도 멍청한게 으스대는 느낌.,0,21.0,1
"역시 유전자는 언제나 새로운것을 만들어낸다..

유전자의 무한한 시도는 정말 위대하다",0,49.0,1
괘념치 말아라,0,7.0,1
ㄳㄳ 혹쉬 그냥 몰라서 말씀드리는데 스티로폴 물어뜯을수도 있어성.. 건강에 안좋을수도 있을거같음... b,0,58.0,1
환경을 살리고 사람을 죽인다 ^^,0,18.0,1
"눈물난다.
아주머니 너무 대단한 마음가짐이네...
참 안쓰러운 현실이다. 우리 20대 동생들이 이런 진짜 감사드릴 것엔 감사하지 못하는 현재의 모습이 너무 안타깝다.

연평해전 승리자 남한 국군에게 충성-

패배자 북괴들 많이 죽어서 도망친꼴봐라.",0,144.0,1
"엘젤두한이 엔젤이 되지않을뻔했노

하나님이 도운게 분명하다

내일도 새벽기도 나가야겠다",0,52.0,1
ㅎㄷㄷ 악플을 왜 엉뚱한 사람한테 잡고 보면 또 그 성별일 듯,0,34.0,1
"@랄지찰즉무도하고 저 문자를 바탕하여 현재 한자의 모습으로 진화했다. 문명이란 건 결국 모두 한자에서 나온 것일 뿐. 인간이라는 건 한자를 아는 가 모르는 가 에 따라 짐승이고 인간인 것.



고대에 사용되었지만 그 고대로 부터 점점 새로운 창조가 일어날 때마다 단어를 붙여야 했고 그 단어를 늘려가며 지금의 형태가 된 것. 지금 한문의 조상으로 이해하면 이해 잘될 것이다. 별개는 아니지만 별개로 발전한 측면은 있다.",0,239.0,1
아이린 같은 년보단 나음 인기 많지만 페미 인증한 스타 아이돌들 보다 훨씬 낫다,0,44.0,1
물이 이렇게 깊은 줄 몰랐어요.,0,17.0,1
두번째 스토리 중간쯤 섰다..,0,16.0,1
"이 색 연기 다 똑같음



지루",0,22.0,1
남 욕하고 다니지 말라는 어른들의 말씀이 괜한뜻이 아님,0,30.0,1
ㅠㅠ....,0,6.0,1
"자~~

어이구야 허허허

웁!

또로로록!",0,30.0,1
"秋美哀歌靜晨竝(추미애가정신병)

가을날 곱고 애잔한 노래가 황혼에 고요히 퍼지니

雅霧來到迷親然(아무래도미친년)

우아한 안개가 홀연히 드리운다.

凱發小發皆雙然(개발소발개쌍년)

기세 좋은 것이나 소박한 것이나 모두가 자연이라.

愛悲哀美竹一然(애비애미죽일년)

사랑은 슬프며 애잔함은 아름다우니 하나로 연연하다.

150여년 앞을 내다보신 조선시대 방랑시인 김삿갓님의 시다",0,226.0,1
뵘이 지휘한 브루크너 4번 듣는데 레알 너무 지린다. 왜 디지털 이후의 녹음에는 이런 명연이 안나오는 걸까?,0,60.0,1
응기잇~!,0,5.0,1
"패션을 선도하는 국가답게?

패션을 선도하는 국가답게?

패션을 선도하는 국가답게?

패션을 선도하는 국가답게?

이거보고 2주화",0,80.0,1
정리끝^^,0,5.0,1
"코로나땜에 혼란스러운 와중에

한국 영화가 영화계 최고 권위 있는 단체에서 최우수상을 탔다
그러니 희망을(?)가져라 뭐 이런 취지 아닐까",0,79.0,1
"우유, 버터 그리고 잼이 필요해.",0,18.0,1
이런 떡밥이라도 있어서 좋다.,0,16.0,1
박수치는건 재이있 종 일상,0,14.0,1
난 한번걸려봐서 괜추~,0,12.0,1
유영철 아들은 어떻게 살고 있을까?,0,19.0,1
인간은 절대 이유 없이 친절하지 않다,0,20.0,1
"얼굴만으로 미래가 보이기 쉽지않은데 ,,",0,22.0,1
.................,0,17.0,1
그리고 이어지는 무수한 악수요청,0,17.0,1
"기가 차서 딱히 욕도 안나온다.

상식 밖의 일이 계속 연달아 터지니 세상 참 웃기게 돌아간다 . 아 ㅋㅋ",0,61.0,1
눈치챘는가?,0,6.0,1
외모도 연기력도 애매하긴 하지..그걸 인정하기 싫어서 더 그러는 것일지도...,0,43.0,1
민경욱 이사람 정말 맘에 듬.,0,16.0,1
"적을 믿는 자 죽어 마땅하다
ㅡ도쿠가와 이에야스ㅡ",0,28.0,1
팔로잉보고 8번 뿜엌~,0,12.0,1
남들은 공부하면서 겸손을배웠다지만 나는 공부하면서 남들보다 조금더 많이안다는마음에 거만했던것같다,0,53.0,1
"저거보고
나도
울었슴",0,13.0,1
이거보고 발렌타인데이 알았다...,0,18.0,1
999,0,3.0,1
섹스하자는 이야기인가,0,11.0,1
사랑스럽다,0,5.0,1
이 가방 정말 무겁다.,0,12.0,1
그래서...?,0,7.0,1
"닥터슨트레인지가 즐겨듣는노래



Feel so good",0,35.0,1
흑....흑ㄱ흑.....민족의 등불이..,0,22.0,1
"쪼끔만 더 밀어붙이면!

우리가 이깁니다!

됐다!",0,32.0,1
니 웃는 모습이 좋아.,0,12.0,1
한입만...,0,6.0,1
세월이여...,0,7.0,1
쥐카...ㅠㅠ,0,7.0,1
수세미를 어떻게 만듦? ㄷㄷ,0,15.0,1
"내가 이래서 여자친구가 있었지만 죽여버렸다.. 강해지기위해..

이젠 만화경 사륜안을 쓸수있어!",0,55.0,1
영화 주인공 국이는?,0,11.0,1
나도 저렇게 살아보고싶다,0,13.0,1
"@오유에서온씹선비 Yo bro life goes on man
Give some respect to the dead",0,64.0,1
2번째 설명은 영어로 햇을까,0,15.0,1
혹독하게 쪼아대면 이리와 이년아 하면서 계단 벽으로 세차게 몰아붙이는거다,0,40.0,1
이니야니돈좀 기부해라이좀만아,0,15.0,1
하소연 누나 최고,0,9.0,1
간지,0,2.0,1
다희 예전에 봉직할때 몇 번 환자로 왔었다. 그때 스무살. 이쁘고 얼굴거무튀튀하고 밝고 활달하고 리액션 좋고. 그 일 있고 못봤는데 안타깝다. 가수로 성공하겠다고 열심히 사는 중이라고 하던데.. 뭐가 진실인겨..구라면 삼대가 망해도좋다.,0,132.0,1
"자고일어났니 마니를 떠나서 눈빛봐라...





절대로 보통사람 눈빛이 아니다.

사주받는 사람 눈빛임.



한마디로 광대라는 말이다...",0,91.0,1
"점점 더, 젊은 사람들이 공부하려고 해외에 간다.",0,27.0,1
그 호텔은 최고의 서비스로 알려져 있다.,0,22.0,1
"부가 설명

저 보석 루이 14세의 보석임

떡치는거 여자가 남자 덮친거임

가치를 가히 상상하기 힘들 정도의 루이 14세 보석 바닷속 수장잼",0,85.0,1
K6.. 크고 아름답노,0,12.0,1
아 기대햇는데,0,7.0,1
아주 조아~,0,6.0,1
20대라니 충격이다,0,10.0,1
아키야마 존나 처발린영상 보고나니 암세포가 사그라드는 느낌이예여,0,35.0,1
공작은 그냥저냥 볼만했는데,0,14.0,1
ㅠㅠㅠ 행복했으면 좋겠다,0,13.0,1
"홍어와 쥐포새끼들을 죽일 수 있다면 이것도 나쁘지 않은 방법이노
홍어와 쥐포새끼들을 죽일 수 있다면 이것도 나쁘지 않은 방법이노
홍어와 쥐포새끼들을 죽일 수 있다면 이것도 나쁘지 않은 방법이노
홍어와 쥐포새끼들을 죽일 수 있다면 이것도 나쁘지 않은 방법이노
홍어와 쥐포새끼들을 죽일 수 있다면 이것도 나쁘지 않은 방법이노",0,183.0,1
그래봐야 지점 하나 처분했다는 얘기 아닌가,0,23.0,1
"나랑 동갑인거 같은데 암이라니

새삼 무섭다",0,26.0,1
인용한 거지만 재밌다 이기야 ㅎㅎ,0,18.0,1
"아 전땅크성님,,, 진짜,, 그러길래 홍어를 그냥놔둔겁니까? 왜? 왜왜왜? 이모든게 당신때문입니다",0,54.0,1
"@시간아빨리가라 100명의 일반여성이 아니다....매춘여성..즉, 창녀.....그중 에이즈 있는 애라도 있으면';;;;",0,66.0,1
브라질좀 본받자,0,8.0,1
화사빼고 다 좋은데 ㅋㅋㅋ,0,14.0,1
"패기보소!! 그분의 재림인가?

페미 폭력→테러리스트",0,31.0,1
개콘보다 잼나네,0,8.0,1
저 시절까지만도 정준 인기 많았어 드라마에도 꽤 나오고 나랑 나이 비슷하고 당시엔 좋아했던 배우였는데,0,56.0,1
눈물난다진짜 ㅋㅋㅋ,0,10.0,1
쳐 웃기는,0,5.0,1
묵직하다;;,0,6.0,1
와 엉덩이봐 아아아 누나~허어엉,0,17.0,1
"불교나 무속이 많고 기독교가 보편화가 안되어있어서 그렇다.

일부일처 개념이 없는거.

근데 건축보면 우리보다 더 좋은 곳도 많음.

소수민족들 전통건축 아름답지.

그러지말라해라",0,108.0,1
흐흐 영계다,0,6.0,1
피의 크리스마스 ㅋㅋㅋㅋㅋㅋ,0,15.0,1
잘생김,0,3.0,1
CNN; Chicken Noodle Network,0,27.0,1
이마 주름이 인상적이야,0,12.0,1
ㄹㅇ 사랑스럽긔,0,8.0,1
일단..모르것다 보냈다,0,12.0,1
명작이다,0,4.0,1
차음 알았다...,0,9.0,1
미투에 이어 석투 시작?ㅋㅋㅋ,0,16.0,1
최강미국,0,4.0,1
북한을 너무 사랑한죄,0,11.0,1
쫘장면이나많이멕여라,0,10.0,1
난 시간없어서 잠깜 쉴때마다 5분 10분 영화 요약해서 보는거 나름 재밌게 봤는데 프랑스나 다른 재밌는 영화 소개 시켜주는것도 좋았고,0,74.0,1
안산....더이상의 수식어는 필요없다,0,20.0,1
ㅇㄱㄹㅇ 드라마는다개구라임,0,14.0,1
6,0,1.0,1
최정민이누구샤,0,7.0,1
진보는 진짜 못말린다.,0,12.0,1
더올리라ㅋㅋ잼씀,0,8.0,1
영화보고 또 과기부 예산 존나주겠노 ㅋㅋㅋ 이새끼 맨날 영화쳐보고 감동처먹고 그대로 표출함,0,50.0,1
"입술,혀색은 거짓말을 하지않는다",0,17.0,1
졸부는 모르겠다만 자수성가 하셔서 부자된 분들 보면 남들과 비교 절대안함,0,40.0,1
무능한 시키 잘 듸...ㅋㅋ,0,15.0,1
순시리가 uae매수한거네요!! uae도 적폡니다 여러분!!!!!,0,35.0,1
"그냥 sns에 한마디 라면 됨.

진실을 인양했을 뿐...",0,34.0,1
좋은여자 만나라 확률은 10프로인데 무조건 부모를 봐야된다. 재혼매물은 더욱 희박하겠지만...,0,52.0,1
그는 우연히 알려지지 않은 동물을 발견했다.,0,24.0,1
남산의 부장들,0,7.0,1
ㅋㅋㅋ제목졸웃,0,7.0,1
"진짜힘든놈은 왜그러냐물어보면 그냥 그런게있다 ㅋ
집이힘들어서글타 ㅋ 그러지 구구절절 말하는사람이어딨노

등록금 내가다낸다니까 사람들이 왜니가내냐물어볼때
그동안 인생이 머리속에떠오르고 이런게 정말 이유도모르고
부모가내는게 당연한 사람들으도있구나싶어 화도나고하지만

결국 있다 ㅋㅋ 별거아니다~ 한마디할수밖에없다니까",0,181.0,1
아... 안 본 눈 삽니다.,0,15.0,1
당신은 천재입니다,0,9.0,1
"처녀(!?)작은 벗기기 어렵게 설계됨.
정말 힘들게 공들여 벗겨낸 흔적이 여기저기...",0,49.0,1
좆은 언제쯤 되냐고요....,0,15.0,1
어우 깔끔해 미만 잡,0,11.0,1
딜이 좀 아쉽다,0,8.0,1
이미 죽은 사람입니다....,0,15.0,1
해 줘도 이 난리 ^^,0,12.0,1
영감님들 창의력은 진짜 ㅋㅋㅋㅋ,0,17.0,1
신고버튼 '하세요',0,10.0,1
과거가 빛을 바랜다면 가족 꾸릴거라는 말인가?,0,25.0,1
항상 너와 함께 있을게.,0,13.0,1
오마이갓...ㅠㅠ,0,9.0,1
"황희범 절생겼다

맑은느낌.. 한번만 먹고싶당 ㅎㅎ",0,30.0,1
"정보글 잘봤습니다.
원피스 알라바스타처럼 저런 인공비를 내리게할경우 한국이랑 일본에 올 비가 막힐수있다고 했는데
지금 문득 든 생각이 여름에도그렇고 어렸을때랑 비교해서 비가 안오는것같더라구요.. 겨울가뭄도 심하구요.

점점 심해질수있을것같은데 글쓴이분이 생각하기에 전망이 어떻게 되실것같습니까?


질문글달려고 2년만에 로그인했습니다",0,193.0,1
성지순례,0,4.0,1
힛힛힛히히,0,5.0,1
느금머,0,3.0,1
